{
  "emAvgAtk": [
    624.3833333333333,
    616.2537313432836,
    648.0652173913044,
    585.0769230769231
  ],
  "emAvgDam": [
    427.7174409421199,
    457.4686194582116,
    341.05096439524476,
    405.5263157894737
  ],
  "emAvgDef": 274.3626943005181,
  "enAvgAtk": [
    586.280276816609,
    617.9867256637168,
    472.53968253968253
  ],
  "enAvgDam": [
    247.17539513597774,
    225.22750328757994,
    325.9091024016591
  ],
  "enAvgDef": 385.2076124567474
}